{"embed_dim": 32, "lstm_units": 96, "dropout": 0.30000000000000004, "dense_units": 80, "learning_rate": 0.0035871410103749386}